First Node,Second Node,Distance
Node463,Node305,965
Node255,Node143,435
Node149,Node203,205
Node21,Node299,467
Node418,Node114,520
Node100,Node6,334
Node190,Node266,518
Node139,Node321,104
Node443,Node243,886
Node297,Node444,209
Node268,Node140,937
Node216,Node474,141
Node318,Node80,237
Node50,Node132,794
Node299,Node496,720
Node124,Node170,84
Node481,Node403,818
Node217,Node261,710
Node74,Node363,558
Node121,Node108,711
Node384,Node311,337
Node171,Node295,356
Node423,Node340,200
Node297,Node295,399
Node272,Node137,62
Node82,Node494,848
Node100,Node99,101
Node137,Node209,955
Node40,Node141,984
Node341,Node350,243
Node376,Node145,486
Node256,Node406,934
Node271,Node331,450
Node468,Node154,701
Node283,Node203,100
Node299,Node165,966
Node489,Node308,748
Node179,Node219,729
Node432,Node414,687
Node160,Node361,675
Node360,Node93,557
Node143,Node360,534
Node161,Node275,684
Node223,Node215,437
Node80,Node347,433
Node469,Node48,385
Node55,Node180,672
Node411,Node474,528
Node314,Node387,344
Node165,Node324,831
Node403,Node338,694
Node243,Node381,993
Node322,Node273,760
Node283,Node411,254
Node164,Node244,669
Node165,Node8,605
Node65,Node421,917
Node305,Node227,922
Node497,Node499,187
Node36,Node276,144
Node70,Node500,59
Node302,Node232,565
Node500,Node484,638
Node212,Node296,59
Node477,Node114,551
Node237,Node141,527
Node292,Node119,384
Node181,Node286,271
Node67,Node271,432
Node301,Node71,47
Node244,Node484,675
Node354,Node388,947
Node356,Node326,66
Node390,Node20,591
Node22,Node246,68
Node91,Node297,948
Node168,Node91,902
Node468,Node382,493
Node33,Node253,52
Node40,Node205,299
Node282,Node115,547
Node324,Node363,44
Node32,Node102,159
Node158,Node171,612
Node310,Node433,84
Node50,Node489,850
Node366,Node341,526
Node104,Node91,505
Node224,Node85,451
Node305,Node127,829
Node375,Node327,859
Node173,Node273,646
Node500,Node267,456
Node375,Node314,239
Node286,Node195,384
Node298,Node148,754
Node408,Node374,758
Node165,Node65,855
Node285,Node260,63
Node312,Node313,36
Node261,Node435,615
Node424,Node107,635
Node161,Node187,1
Node452,Node233,415
Node177,Node154,98
Node301,Node203,334
Node334,Node18,781
Node257,Node352,232
Node87,Node377,971
Node11,Node321,55
Node48,Node229,923
Node23,Node185,397
Node416,Node105,399
Node419,Node10,402
Node244,Node285,19
Node381,Node344,364
Node280,Node485,9
Node77,Node309,602
Node401,Node353,844
Node44,Node128,355
Node463,Node77,544
Node88,Node197,627
Node434,Node330,731
Node467,Node499,222
Node166,Node71,736
Node143,Node11,736
Node55,Node490,198
Node173,Node367,631
Node53,Node111,519
Node102,Node8,6
Node190,Node193,838
Node18,Node100,911
Node22,Node420,963
Node445,Node151,584
Node225,Node6,559
Node296,Node243,695
Node413,Node91,720
Node166,Node59,126
Node214,Node323,532
Node354,Node466,788
Node259,Node134,107
Node409,Node394,744
Node12,Node177,146
Node490,Node117,363
Node227,Node482,383
Node196,Node32,369
Node164,Node474,33
Node107,Node364,948
Node151,Node152,15
Node56,Node77,243
Node281,Node36,502
Node379,Node262,327
Node99,Node264,640
Node82,Node59,377
Node137,Node50,974
Node381,Node182,420
Node103,Node266,983
Node141,Node12,862
Node44,Node65,6
Node364,Node243,203
Node118,Node150,279
Node70,Node279,127
Node306,Node168,358
Node210,Node60,204
Node211,Node206,538
Node127,Node74,729
Node236,Node170,32
Node384,Node207,316
Node171,Node2,718
Node417,Node129,605
Node186,Node439,465
Node304,Node130,598
Node99,Node263,321
Node196,Node402,141
Node136,Node316,749
Node181,Node382,353
Node73,Node411,205
Node71,Node241,271
Node252,Node306,706
Node71,Node277,42
Node209,Node124,995
Node369,Node23,120
Node92,Node53,572
Node378,Node490,68
Node178,Node85,523
Node397,Node282,808
Node51,Node429,685
Node63,Node179,557
Node242,Node58,256
Node351,Node440,369
Node121,Node252,377
Node152,Node262,542
Node274,Node23,484
Node49,Node108,490
Node469,Node482,887
Node369,Node35,897
Node213,Node80,438
Node446,Node135,225
Node86,Node133,960
Node225,Node379,127
Node425,Node225,109
Node460,Node462,951
Node392,Node174,557
Node166,Node407,488
Node490,Node362,422
Node209,Node225,100
Node56,Node138,241
Node113,Node24,938
Node459,Node174,326
Node325,Node4,530
Node329,Node431,473
Node34,Node178,944
Node419,Node137,711
Node41,Node439,250
Node387,Node312,773
Node313,Node217,330
Node200,Node302,78
Node212,Node271,969
Node447,Node328,79
Node350,Node165,896
Node93,Node5,974
Node229,Node451,954
Node202,Node87,294
Node385,Node422,283
Node116,Node133,896
Node465,Node26,946
Node157,Node52,110
Node59,Node348,614
Node133,Node301,145
Node81,Node212,519
Node314,Node477,48
Node51,Node217,374
Node136,Node383,984
Node463,Node110,96
Node417,Node53,16
Node155,Node152,450
Node196,Node351,604
Node186,Node54,913
Node82,Node98,553
Node27,Node161,324
Node369,Node227,696
Node465,Node12,154
Node159,Node266,744
Node467,Node47,439
Node114,Node93,555
Node290,Node225,506
Node252,Node370,452
Node288,Node182,503
Node484,Node31,934
Node384,Node66,878
Node312,Node307,911
Node286,Node381,671
Node216,Node215,175
Node276,Node327,707
Node212,Node352,364
Node231,Node365,439
Node376,Node499,795
Node258,Node317,943
Node151,Node99,793
Node211,Node235,471
Node440,Node363,101
Node51,Node441,555
Node415,Node428,11
Node17,Node140,79
Node375,Node175,135
Node235,Node113,368
Node407,Node127,776
Node251,Node66,610
Node11,Node62,423
Node477,Node388,812
Node393,Node25,988
Node48,Node334,208
Node329,Node379,390
Node448,Node327,352
Node354,Node248,831
Node488,Node48,106
Node477,Node499,290
Node234,Node281,193
Node181,Node56,687
Node55,Node372,252
Node397,Node184,137
Node457,Node192,623
Node4,Node42,474
Node354,Node397,724
Node192,Node359,598
Node131,Node463,204
Node354,Node344,301
Node453,Node132,535
Node422,Node240,843
Node345,Node57,552
Node483,Node224,528
Node307,Node27,400
Node67,Node377,326
Node208,Node481,485
Node350,Node388,695
Node143,Node394,482
Node282,Node175,50
Node167,Node87,430
Node412,Node25,938
Node190,Node258,102
Node142,Node223,918
Node284,Node495,101
Node90,Node177,797
Node164,Node309,431
Node108,Node31,66
Node299,Node42,191
Node402,Node405,227
Node474,Node361,191
Node167,Node404,441
Node487,Node355,560
Node451,Node146,275
Node302,Node271,691
Node266,Node310,615
Node160,Node44,427
Node82,Node244,961
Node57,Node310,11
Node55,Node289,366
Node175,Node375,479
Node332,Node120,571
Node71,Node64,116
Node209,Node489,612
Node388,Node94,828
Node274,Node249,893
Node189,Node300,755
Node290,Node434,350
Node191,Node72,823
Node389,Node357,859
Node50,Node314,617
Node7,Node16,470
Node84,Node65,763
Node55,Node323,985
Node110,Node24,786
Node403,Node220,328
Node2,Node299,346
Node440,Node323,524
Node377,Node276,186
Node262,Node53,374
Node434,Node263,182
Node1,Node400,213
Node482,Node381,148
Node294,Node93,159
Node141,Node361,937
Node164,Node139,46
Node97,Node378,46
Node269,Node70,852
Node201,Node412,734
Node136,Node151,302
Node283,Node179,421
Node451,Node122,463
Node67,Node201,256
Node109,Node121,886
Node318,Node498,141
Node365,Node22,13
Node12,Node40,501
Node302,Node50,364
Node375,Node478,421
Node23,Node106,123
Node386,Node310,384
Node448,Node456,380
Node120,Node72,858
Node251,Node187,85
Node98,Node268,94
Node220,Node93,602
Node306,Node205,904
Node259,Node467,806
Node159,Node312,445
Node426,Node124,575
Node221,Node431,202
Node126,Node196,989
Node421,Node379,804
Node57,Node221,443
Node308,Node58,396
Node124,Node433,890
Node475,Node494,994
Node236,Node82,646
Node258,Node296,458
Node384,Node373,281
Node3,Node218,519
Node61,Node165,403
Node230,Node220,767
Node328,Node276,845
Node368,Node16,773
Node10,Node499,571
Node184,Node57,261
Node144,Node338,17
Node80,Node12,107
Node222,Node64,397
Node165,Node128,867
Node451,Node348,891
Node353,Node13,311
Node467,Node434,571
Node113,Node297,201
Node30,Node354,740
Node418,Node53,324
Node285,Node379,742
Node85,Node314,492
Node381,Node260,136
Node474,Node157,886
Node396,Node235,595
Node33,Node392,126
Node146,Node132,57
Node201,Node479,937
Node226,Node328,996
Node259,Node357,266
Node436,Node157,524
Node152,Node114,743
Node204,Node154,26
Node195,Node252,668
Node56,Node189,330
Node9,Node12,775
Node434,Node309,561
Node132,Node389,227
Node9,Node104,740
Node339,Node294,377
Node95,Node292,880
Node328,Node35,25
Node21,Node470,38
Node34,Node354,61
Node172,Node247,59
Node224,Node18,797
Node348,Node156,718
Node415,Node378,61
Node7,Node155,487
Node147,Node82,640
Node26,Node409,399
Node289,Node372,639
Node352,Node80,467
Node147,Node57,584
Node271,Node466,192
Node329,Node147,555
Node413,Node244,142
Node73,Node244,214
Node31,Node280,38
Node366,Node487,190
Node335,Node211,298
Node431,Node361,73
Node56,Node357,854
Node200,Node42,871
Node88,Node63,309
Node383,Node194,925
Node90,Node286,8
Node479,Node137,894
Node476,Node247,445
Node318,Node134,15
Node360,Node388,862
Node80,Node250,188
Node368,Node2,302
Node235,Node419,18
Node274,Node36,402
Node314,Node382,396
Node463,Node86,894
Node375,Node221,306
Node381,Node72,182
Node58,Node404,576
Node169,Node366,651
Node84,Node493,301
Node124,Node160,711
Node437,Node207,360
Node412,Node56,198
Node458,Node462,226
Node166,Node31,21
Node431,Node326,824
Node361,Node275,384
Node188,Node285,367
Node12,Node338,83
Node33,Node39,965
Node400,Node175,909
Node449,Node403,311
Node123,Node464,812
Node254,Node97,351
Node311,Node65,270
Node232,Node223,373
Node97,Node104,629
Node466,Node298,462
Node58,Node447,279
Node195,Node189,721
Node27,Node314,911
Node166,Node75,58
Node36,Node450,271
Node335,Node453,620
Node225,Node411,612
Node387,Node252,10
Node20,Node337,303
Node180,Node190,262
Node176,Node465,990
Node389,Node384,259
Node73,Node11,467
Node28,Node480,12
Node110,Node241,294
Node169,Node338,657
Node208,Node146,952
Node224,Node461,935
Node277,Node264,628
Node133,Node173,705
Node250,Node77,446
Node483,Node48,892
Node47,Node309,455
Node152,Node49,735
Node2,Node242,623
Node97,Node211,424
Node499,Node442,213
Node223,Node430,453
Node476,Node193,164
Node306,Node267,114
Node206,Node52,62
Node460,Node320,281
Node296,Node475,215
Node283,Node488,124
Node33,Node226,763
Node133,Node235,127
Node350,Node489,8
Node445,Node108,253
Node154,Node11,751
Node292,Node48,496
Node396,Node149,434
Node316,Node239,593
Node428,Node379,868
Node364,Node44,125
Node436,Node144,928
Node199,Node16,66
Node415,Node12,925
Node388,Node38,730
Node407,Node221,323
Node392,Node452,826
Node448,Node456,215
Node460,Node137,631
Node330,Node241,358
Node229,Node118,624
Node182,Node242,387
Node271,Node486,397
Node193,Node344,60
Node324,Node446,1
Node131,Node427,599
Node454,Node118,907
Node385,Node424,804
Node20,Node334,609
Node179,Node77,985
Node79,Node80,816
Node489,Node389,390
Node231,Node116,761
Node463,Node180,438
Node431,Node475,334
Node48,Node360,771
Node31,Node86,150
Node376,Node175,400
Node465,Node386,89
Node61,Node118,507
Node330,Node223,134
Node6,Node173,949
Node180,Node439,677
Node141,Node312,800
Node429,Node193,953
Node193,Node303,942
Node298,Node326,82
Node485,Node91,116
Node188,Node359,269
Node167,Node391,690
Node182,Node228,424
Node160,Node147,408
Node154,Node457,888
Node352,Node80,980
Node289,Node365,870
Node429,Node93,931
Node104,Node3,514
Node356,Node74,538
Node211,Node340,291
Node294,Node216,112
Node464,Node333,867
Node455,Node107,468
Node441,Node78,709
Node491,Node214,795
Node230,Node108,664
Node328,Node260,883
Node344,Node79,328
Node459,Node378,527
Node488,Node77,868
Node240,Node485,161
Node320,Node86,967
Node434,Node137,545
Node110,Node353,125
Node80,Node343,902
Node135,Node172,14
Node108,Node281,630
Node393,Node196,327
Node19,Node325,920
Node257,Node390,226
Node197,Node56,108
Node270,Node54,356
Node23,Node451,698
Node87,Node128,864
Node159,Node190,498
Node56,Node60,208
Node156,Node81,840
Node72,Node30,762
Node293,Node19,479
Node473,Node74,180
Node382,Node152,1
Node9,Node132,401
Node110,Node100,572
Node146,Node440,226
Node400,Node457,793
Node125,Node363,542
Node385,Node37,233
Node110,Node357,391
Node161,Node32,992
Node438,Node236,962
Node11,Node34,905
Node61,Node178,525
Node424,Node7,861
Node103,Node144,745
Node16,Node270,885
Node400,Node479,347
Node402,Node100,126
Node321,Node295,348
Node397,Node1,285
Node113,Node146,963
Node284,Node367,795
Node364,Node233,892
Node438,Node416,539
Node28,Node395,85
Node126,Node209,745
Node399,Node372,937
Node205,Node277,423
Node336,Node137,369
Node465,Node437,257
Node19,Node221,813
Node263,Node393,878
Node382,Node61,285
Node55,Node475,934
Node174,Node16,123
Node166,Node321,261
Node108,Node255,193
Node243,Node218,63
Node474,Node456,723
Node454,Node346,370
Node304,Node99,998
Node411,Node135,792
Node309,Node415,252
Node248,Node33,917
Node248,Node221,353
Node143,Node134,629
Node33,Node112,184
Node180,Node458,654
Node445,Node26,711
Node391,Node474,30
Node294,Node355,407
Node461,Node271,838
Node243,Node394,730
Node160,Node37,795
Node191,Node469,488
Node482,Node387,605
Node423,Node142,162
Node392,Node399,346
Node285,Node463,790
Node208,Node308,89
Node321,Node317,301
Node210,Node176,408
Node383,Node179,889
Node82,Node326,895
Node230,Node24,956
Node28,Node156,777
Node491,Node56,125
Node119,Node281,361
Node5,Node63,783
Node201,Node282,325
Node297,Node399,766
Node57,Node417,404
Node489,Node213,921
Node256,Node116,154
Node275,Node425,983
Node62,Node458,6
Node301,Node486,914
Node366,Node124,845
Node439,Node383,373
Node429,Node315,725
Node402,Node453,615
Node149,Node15,334
Node19,Node193,380
Node416,Node420,126
Node161,Node474,90
Node211,Node248,571
Node320,Node396,965
Node411,Node222,577
Node438,Node405,505
Node298,Node116,49
Node165,Node42,253
Node354,Node81,92
Node200,Node482,986
Node179,Node149,368
Node127,Node73,831
Node93,Node254,852
Node178,Node326,306
Node22,Node277,337
Node176,Node247,854
Node12,Node383,801
Node453,Node340,611
Node478,Node97,862
Node18,Node465,382
Node423,Node115,885
Node433,Node275,690
Node48,Node88,271
Node57,Node335,367
Node435,Node43,141
Node383,Node325,807
Node94,Node344,998
Node141,Node317,751
Node437,Node322,952
Node75,Node472,703
Node45,Node55,724
Node19,Node294,246
Node365,Node104,235
Node50,Node31,1
Node149,Node324,697
Node471,Node188,354
Node487,Node106,209
Node56,Node209,867
Node444,Node3,589
Node152,Node380,771
Node229,Node422,76
Node132,Node405,713
Node428,Node72,845
Node471,Node89,167
Node433,Node402,1000
Node26,Node230,530
Node413,Node118,788
Node449,Node1,104
Node377,Node68,145
Node66,Node193,517
Node389,Node2,8
Node266,Node45,361
Node140,Node419,533
Node247,Node241,317
Node279,Node147,838
Node293,Node166,552
Node440,Node293,320
Node278,Node304,961
Node346,Node485,485
Node331,Node114,807
Node262,Node391,794
Node383,Node219,201
Node119,Node331,146
Node12,Node220,2
Node32,Node189,391
Node410,Node157,383
Node173,Node486,959
Node260,Node385,671
Node337,Node196,634
Node202,Node443,935
Node125,Node377,673
Node211,Node478,65
Node129,Node208,829
Node178,Node192,177
Node375,Node211,12
Node276,Node401,655
Node175,Node410,904
Node328,Node367,380
Node171,Node289,159
Node337,Node78,538
Node301,Node150,302
Node301,Node192,462
Node89,Node437,554
Node359,Node468,265
Node25,Node430,883
Node96,Node197,617
Node99,Node84,655
Node46,Node285,150
Node168,Node234,351
Node133,Node269,327
Node85,Node56,217
Node492,Node45,577
Node355,Node438,631
Node104,Node427,158
Node157,Node66,117
Node29,Node264,112
Node87,Node273,977
Node285,Node212,903
Node18,Node101,572
Node485,Node162,904
Node322,Node323,128
Node289,Node9,251
Node253,Node9,83
Node101,Node131,139
Node85,Node233,308
Node91,Node100,70
Node318,Node468,92
Node417,Node220,174
Node207,Node34,621
Node204,Node7,936
Node451,Node118,975
Node380,Node288,728
Node457,Node349,792
Node272,Node221,866
Node427,Node483,856
Node14,Node16,486
Node129,Node34,386
Node127,Node9,853
Node202,Node29,780
Node295,Node262,15
Node132,Node431,961
Node276,Node206,290
Node168,Node37,160
Node168,Node166,953
Node414,Node64,859
Node228,Node78,408
Node229,Node201,833
Node106,Node480,536
Node400,Node172,879
Node239,Node127,206
Node196,Node146,633
Node268,Node19,898
Node372,Node165,558
Node443,Node391,820
Node276,Node111,353
Node470,Node456,832
Node239,Node208,948
Node282,Node381,990
Node407,Node8,166
Node257,Node205,878
Node69,Node274,103
Node368,Node391,942
Node166,Node460,19
Node434,Node159,962
Node450,Node278,225
Node236,Node203,444
Node87,Node396,623
Node281,Node194,253
Node212,Node465,565
Node293,Node284,417
Node266,Node371,506
Node353,Node69,633
Node409,Node268,820
Node45,Node101,332
Node408,Node144,435
Node143,Node359,622
Node419,Node464,254
Node191,Node32,851
Node182,Node139,183
Node135,Node412,707
Node221,Node152,634
Node38,Node165,797
Node43,Node29,104
Node323,Node327,485
Node486,Node245,621
Node439,Node179,445
Node126,Node70,898
Node22,Node163,669
Node46,Node64,28
Node437,Node294,499
Node283,Node442,829
Node243,Node317,720
Node68,Node200,10
Node99,Node96,203
Node110,Node346,485
Node287,Node452,26
Node463,Node33,160
Node240,Node339,845
Node387,Node433,712
Node173,Node396,411
Node395,Node227,648
Node408,Node37,681
Node45,Node365,706
Node160,Node410,615
Node125,Node472,127
Node225,Node473,885
Node451,Node23,479
Node112,Node157,979
Node353,Node81,162
Node234,Node441,535
Node477,Node42,754
Node477,Node440,207
Node374,Node492,783
Node433,Node345,982
Node227,Node363,468
Node126,Node326,198
Node76,Node498,489
Node36,Node429,435
Node115,Node410,386
Node217,Node486,486
Node142,Node74,79
Node300,Node162,70
Node288,Node164,949
Node419,Node141,964
Node194,Node13,859
Node192,Node120,387
Node426,Node205,668
Node111,Node97,495
Node252,Node133,611
Node318,Node92,620
Node160,Node96,247
Node305,Node169,927
Node11,Node394,220
Node43,Node404,981
Node415,Node458,999
Node97,Node265,146
Node195,Node354,709
Node24,Node77,635
Node171,Node36,752
Node150,Node409,481
Node76,Node366,917
Node375,Node330,750
Node205,Node95,318
Node188,Node116,30
Node132,Node233,183
Node111,Node297,249
Node5,Node387,317
Node171,Node26,646
Node235,Node172,853
Node19,Node6,168
Node253,Node105,41
Node94,Node28,296
Node324,Node12,873
Node473,Node109,806
Node12,Node207,377
Node353,Node278,413
Node353,Node147,306
Node321,Node255,597
Node113,Node91,666
Node97,Node164,666
Node426,Node211,378
Node265,Node130,902
Node160,Node98,539
Node413,Node483,417
Node378,Node136,338
Node203,Node345,263
Node104,Node22,106
Node415,Node239,218
Node468,Node395,905
Node88,Node90,396
Node68,Node388,227
Node418,Node66,879
Node184,Node434,446
Node252,Node127,515
Node45,Node350,239
Node269,Node426,744
Node29,Node42,689
Node495,Node84,925
Node215,Node117,769
Node87,Node360,83
Node185,Node378,577
Node470,Node460,417
Node312,Node309,336
Node154,Node63,126
Node170,Node326,941
Node86,Node112,630
Node475,Node260,467
Node416,Node163,71
Node97,Node182,888
Node418,Node433,725
Node353,Node362,558
Node153,Node48,87
Node271,Node81,351
Node268,Node458,740
Node208,Node393,211
Node95,Node71,202
Node35,Node444,245
Node138,Node174,46
Node66,Node198,116
Node112,Node87,696
Node151,Node225,884
Node202,Node140,699
Node184,Node483,607
Node206,Node222,858
Node478,Node449,393
Node320,Node304,804
Node417,Node210,296
Node222,Node250,494
Node479,Node477,490
Node66,Node224,495
Node35,Node358,613
Node231,Node496,856
Node411,Node252,32
Node2,Node151,27
Node93,Node367,639
Node356,Node189,159
Node264,Node469,651
Node171,Node333,435
Node474,Node103,405
Node244,Node108,890
Node112,Node316,413
Node358,Node201,335
Node349,Node307,462
Node182,Node36,280
Node476,Node458,851
Node104,Node471,67
Node297,Node47,55
Node276,Node463,960
Node469,Node370,389
Node240,Node110,928
Node318,Node128,633
Node362,Node302,987
Node43,Node180,381
Node255,Node394,59
Node369,Node318,56
Node166,Node242,295
Node252,Node34,358
Node175,Node344,587
Node279,Node386,827
Node246,Node250,315
Node443,Node335,294
Node83,Node403,739
Node306,Node104,727
Node201,Node443,159
Node42,Node4,178
Node205,Node310,749
Node74,Node387,406
Node262,Node85,982
Node496,Node94,75
Node76,Node96,96
Node286,Node245,113
Node460,Node50,202
Node313,Node450,892
Node123,Node117,481
Node62,Node215,585
Node369,Node493,570
Node319,Node56,239
Node149,Node399,695
Node161,Node351,172
Node123,Node340,409
Node299,Node162,906
Node380,Node486,163
Node344,Node298,863
Node351,Node429,430
Node476,Node146,188
Node481,Node380,317
Node370,Node382,479
Node163,Node143,219
Node409,Node438,430
Node261,Node231,970
Node498,Node202,377
Node411,Node23,894
Node158,Node249,353
Node296,Node233,551
Node486,Node268,341
Node29,Node344,610
Node435,Node107,194
Node185,Node220,924
Node347,Node354,244
Node141,Node111,88
Node63,Node378,251
Node6,Node391,772
Node144,Node298,360
Node49,Node287,588
Node485,Node183,793
Node35,Node273,552
Node250,Node193,133
Node279,Node493,235
Node40,Node235,258
Node274,Node471,722
Node205,Node114,683
Node27,Node156,710
Node274,Node212,892
Node27,Node391,957
Node140,Node34,162
Node390,Node60,165
Node11,Node78,632
Node127,Node37,941
Node391,Node361,76
Node407,Node344,284
Node425,Node304,86
Node367,Node423,632
Node37,Node306,185
Node345,Node499,603
Node13,Node65,710
Node379,Node213,322
Node384,Node386,594
Node35,Node271,414
Node405,Node213,914
Node85,Node106,166
Node394,Node376,874
Node448,Node292,213
Node158,Node401,866
Node15,Node25,37
Node354,Node173,166
Node445,Node310,640
Node191,Node135,948
Node127,Node220,868
Node331,Node29,163
Node177,Node423,451
Node2,Node263,440
Node328,Node69,231
Node486,Node93,494
Node334,Node207,271
Node73,Node436,922
Node260,Node122,228
Node240,Node354,598
Node139,Node466,124
Node5,Node133,903
Node163,Node437,76
Node401,Node84,411
Node91,Node395,363
Node184,Node239,138
Node129,Node108,342
Node245,Node114,950
Node262,Node28,747
Node227,Node251,873
Node152,Node111,855
Node425,Node125,112
Node351,Node397,997
Node305,Node362,981
Node365,Node211,851
Node82,Node356,865
Node416,Node247,539
Node154,Node233,376
Node230,Node178,766
Node16,Node428,88
Node2,Node269,895
Node94,Node250,143
Node76,Node15,877
Node80,Node89,383
Node20,Node464,450
Node115,Node472,876
Node203,Node295,561
Node68,Node204,358
Node467,Node500,908
Node180,Node209,61
Node397,Node429,498
Node132,Node443,715
Node139,Node231,925
Node32,Node211,643
Node451,Node124,506
Node87,Node293,519
Node179,Node422,745
Node246,Node385,26
Node234,Node210,704
Node52,Node128,627
Node459,Node91,724
Node48,Node315,953
Node331,Node378,694
Node333,Node341,922
Node354,Node9,452
Node72,Node431,586
Node29,Node391,886
Node314,Node162,792
Node334,Node315,255
Node380,Node133,861
Node312,Node200,616
Node87,Node321,197
Node385,Node369,707
Node361,Node268,478
Node403,Node241,106
Node222,Node426,46
Node152,Node154,783
Node431,Node452,345
Node281,Node312,713
Node241,Node4,528
Node110,Node485,226
Node426,Node369,877
Node458,Node391,222
Node249,Node408,884
Node472,Node135,291
Node23,Node297,590
Node463,Node390,41
Node29,Node127,219
Node125,Node487,881
Node59,Node204,822
Node451,Node135,904
Node277,Node497,46
Node364,Node115,284
Node433,Node313,64
Node361,Node269,340
Node37,Node102,182
Node109,Node301,860
Node261,Node495,418
Node219,Node159,803
Node138,Node25,154
Node66,Node223,748
Node207,Node464,54
Node91,Node144,976
Node232,Node79,364
Node392,Node37,684
Node256,Node316,804
Node320,Node465,959
Node424,Node245,621
Node293,Node66,355
Node139,Node80,858
Node158,Node275,371
Node307,Node399,736
Node275,Node93,558
Node151,Node440,522
Node19,Node84,789
Node204,Node291,836
Node313,Node114,761
Node336,Node74,729
Node265,Node483,967
Node229,Node301,72
Node297,Node26,450
Node310,Node112,266
Node415,Node495,434
Node451,Node347,120
Node449,Node132,478
Node248,Node116,288
Node219,Node24,862
Node335,Node36,609
Node301,Node210,738
Node419,Node286,871
Node327,Node437,760
Node360,Node312,422
Node148,Node328,926
Node497,Node392,612
Node78,Node415,601
Node25,Node335,845
Node253,Node372,683
Node443,Node144,854
Node421,Node369,284
Node262,Node200,531
Node90,Node279,476
Node407,Node397,137
Node491,Node143,763
Node480,Node106,28
Node40,Node50,75
Node18,Node459,218
Node149,Node108,351
Node398,Node492,626
Node429,Node157,961
Node48,Node272,761
Node425,Node282,191
Node130,Node69,505
Node160,Node316,215
Node337,Node72,169
Node248,Node346,854
Node434,Node390,406
Node327,Node89,73
Node355,Node141,623
Node95,Node206,882
Node157,Node443,672
Node235,Node252,762
Node495,Node151,78
Node309,Node360,958
Node146,Node172,779
Node476,Node339,31
Node347,Node298,309
Node96,Node368,623
Node8,Node195,597
Node453,Node270,173
Node422,Node196,147
Node372,Node252,264
Node206,Node205,783
Node154,Node349,365
Node327,Node261,526
Node174,Node199,199
Node456,Node290,91
Node84,Node45,855
Node3,Node131,604
Node129,Node392,519
Node473,Node384,409
Node224,Node155,812
Node268,Node97,314
Node158,Node244,881
Node461,Node453,530
Node267,Node443,201
Node21,Node452,757
Node359,Node463,233
Node178,Node418,204
Node291,Node416,830
Node365,Node201,12
Node313,Node423,250
Node180,Node496,617
Node219,Node183,426
Node162,Node468,149
Node234,Node315,417
Node112,Node261,49
Node482,Node409,71
Node468,Node453,143
Node54,Node198,487
Node108,Node272,828
Node67,Node119,818
Node225,Node18,799
Node361,Node9,546
Node378,Node285,527
Node53,Node32,21
Node440,Node226,321
Node458,Node159,267
Node432,Node274,843
Node231,Node159,547
Node91,Node123,463
Node259,Node415,777
Node222,Node382,375
Node123,Node486,856
Node342,Node367,734
Node201,Node216,560
Node333,Node328,166
Node243,Node423,176
Node47,Node424,726
Node282,Node53,533
Node191,Node73,36
Node418,Node242,995
Node234,Node236,732
Node207,Node149,94
Node15,Node25,974
Node238,Node110,565
Node184,Node138,788
Node184,Node381,365
Node485,Node297,298
Node219,Node387,818
Node423,Node249,443
Node15,Node416,956
Node182,Node494,103
Node168,Node479,707
Node458,Node143,935
Node390,Node351,98
Node334,Node129,203
Node28,Node93,879
Node158,Node333,117
Node341,Node299,280
Node367,Node122,395
Node67,Node285,98
Node218,Node150,288
Node409,Node480,564
Node206,Node66,504
Node467,Node190,808
Node417,Node150,635
Node157,Node87,536
Node354,Node416,537
Node90,Node221,986
Node61,Node165,482
Node380,Node69,583
Node206,Node204,658
Node93,Node81,871
Node166,Node256,375
Node45,Node255,865
Node463,Node181,604
Node198,Node274,80
Node5,Node366,967
Node140,Node471,289
Node51,Node21,828
Node83,Node79,840
Node109,Node338,794
Node56,Node375,529
Node4,Node418,523
Node458,Node306,308
Node166,Node36,737
Node144,Node459,663
Node279,Node34,928
Node406,Node169,348
Node29,Node20,271
Node449,Node333,946
Node118,Node306,391
Node357,Node270,547
Node231,Node9,935
Node51,Node260,276
Node101,Node135,631
Node67,Node38,516
Node124,Node211,971
Node42,Node43,841
Node128,Node462,420
Node69,Node325,482
Node253,Node8,536
Node106,Node150,720
Node77,Node404,282
Node324,Node87,1
Node256,Node66,756
Node52,Node264,164
Node118,Node443,146
Node379,Node225,593
Node362,Node130,498
Node216,Node477,548
Node434,Node157,470
Node11,Node446,391
Node7,Node25,27
Node98,Node284,244
Node78,Node449,718
Node61,Node23,692
Node168,Node288,710
Node333,Node133,678
Node82,Node215,978
Node411,Node258,740
Node20,Node442,350
Node224,Node450,379
Node392,Node148,761
Node418,Node341,210
Node92,Node377,621
Node488,Node54,81
Node199,Node395,344
Node56,Node334,538
Node428,Node51,337
Node450,Node232,992
Node98,Node73,52
Node346,Node398,587
Node235,Node64,222
Node77,Node446,847
Node170,Node94,500
Node68,Node191,504
Node327,Node212,815
Node290,Node447,517
Node38,Node245,962
Node214,Node386,666
Node291,Node207,933
Node476,Node499,259
Node254,Node95,931
Node291,Node234,533
Node310,Node120,763
Node118,Node144,628
Node178,Node415,109
Node298,Node499,695
Node144,Node475,793
Node344,Node163,870
Node141,Node41,36
Node63,Node387,404
Node168,Node306,154
Node132,Node250,34
Node437,Node244,435
Node7,Node40,171
Node323,Node276,911
Node434,Node179,58
Node57,Node427,334
Node46,Node95,846
Node174,Node319,70
Node206,Node91,472
Node365,Node119,382
Node217,Node114,755
Node325,Node117,413
Node179,Node383,8
Node453,Node169,853
Node415,Node450,19
Node55,Node455,128
Node439,Node390,909
Node215,Node180,482
Node453,Node456,249
Node272,Node106,61
Node479,Node344,284
Node424,Node98,283
Node482,Node33,213
Node401,Node192,433
Node311,Node140,680
Node447,Node374,315
Node289,Node187,38
Node444,Node118,314
Node28,Node174,590
Node42,Node350,478
Node154,Node451,312
Node178,Node90,899
Node267,Node99,481
Node179,Node238,523
Node277,Node239,645
Node181,Node301,778
Node300,Node229,461
Node173,Node169,939
Node85,Node67,629
Node420,Node322,956
Node218,Node192,464
Node96,Node233,463
Node227,Node322,687
Node147,Node432,350
Node435,Node400,242
Node347,Node285,543
Node398,Node261,601
Node94,Node62,925
Node146,Node317,412
Node272,Node375,52
Node181,Node166,487
Node436,Node263,253
Node47,Node221,358
Node56,Node301,275
Node457,Node437,12
Node313,Node93,24
Node297,Node339,718
Node135,Node259,554
Node36,Node500,883
Node365,Node53,623
Node19,Node446,348
Node99,Node169,322
Node271,Node339,426
Node429,Node477,241
Node187,Node369,23
Node455,Node182,286
Node315,Node154,652
Node33,Node232,669
Node333,Node442,633
Node475,Node432,74
Node292,Node39,618
Node7,Node387,255
Node75,Node145,100
Node322,Node313,244
Node362,Node160,982
Node437,Node150,212
Node413,Node110,722
Node254,Node100,336
Node96,Node274,615
Node422,Node399,911
Node440,Node307,372
Node345,Node499,994
Node217,Node247,580
Node393,Node298,306
Node361,Node8,582
Node166,Node495,273
Node298,Node89,950
Node257,Node352,55
Node300,Node370,103
Node123,Node200,814
Node451,Node466,840
Node207,Node277,356
Node462,Node334,626
Node434,Node231,375
Node486,Node304,858
Node384,Node30,483
Node209,Node260,685
Node105,Node365,52
Node476,Node279,854
Node333,Node489,911
Node268,Node350,43
Node273,Node451,720
Node126,Node435,749
Node489,Node482,183
Node362,Node221,180
Node465,Node439,621
Node303,Node93,110
Node31,Node39,244
Node121,Node289,900
Node29,Node438,560
Node202,Node193,62
Node473,Node343,992
Node20,Node240,717
Node64,Node316,778
Node106,Node198,481
Node306,Node33,63
Node416,Node214,682
Node302,Node43,714
Node278,Node130,859
Node83,Node255,300
Node342,Node282,869
Node444,Node402,161
Node8,Node98,458
Node190,Node208,179
Node334,Node406,391
Node26,Node170,409
Node206,Node341,737
Node127,Node492,933
Node303,Node276,325
Node54,Node377,834
Node27,Node26,74
Node174,Node233,287
Node33,Node133,974
Node229,Node197,390
Node286,Node86,718
Node441,Node442,706
Node94,Node103,333
Node336,Node386,274
Node474,Node329,284
Node495,Node219,465
Node41,Node138,767
Node475,Node379,85
Node23,Node230,763
Node93,Node344,86
Node407,Node22,205
Node45,Node157,560
Node299,Node148,346
Node332,Node64,522
Node51,Node461,362
Node116,Node365,746
Node129,Node431,779
Node324,Node234,502
Node96,Node177,46
Node64,Node396,714
Node341,Node61,464
Node326,Node393,760
Node436,Node80,713
Node117,Node207,741
Node429,Node277,830
Node478,Node421,895
Node211,Node21,957
Node236,Node80,667
Node11,Node32,322
Node175,Node433,436
Node485,Node419,218
Node470,Node407,662
Node71,Node409,756
Node317,Node105,369
Node223,Node94,31
Node143,Node322,343
Node412,Node162,320
Node239,Node12,428
Node440,Node352,577
Node143,Node444,194
Node218,Node437,518
Node117,Node260,997
Node108,Node136,762
Node153,Node500,528
Node497,Node87,192
Node452,Node161,372
Node259,Node300,387
Node270,Node353,535
Node426,Node272,902
Node119,Node360,241
Node100,Node242,176
Node195,Node368,605
Node37,Node483,212
Node396,Node32,42
Node438,Node259,109
Node132,Node258,805
Node170,Node56,407
Node446,Node393,808
Node239,Node200,890
Node399,Node397,307
Node241,Node23,666
Node500,Node91,367
Node435,Node166,462
Node398,Node172,842
Node470,Node124,528
Node161,Node424,148
Node233,Node495,381
Node243,Node402,214
Node477,Node245,834
Node287,Node135,210
Node222,Node209,694
Node449,Node119,319
Node279,Node105,109
Node387,Node240,578
Node219,Node466,649
Node348,Node442,828
Node233,Node179,753
Node106,Node389,652
Node295,Node411,274
Node389,Node91,696
Node66,Node268,716
Node233,Node349,20
Node430,Node316,537
Node354,Node180,869
Node416,Node146,659
Node186,Node412,250
Node216,Node282,720
Node442,Node29,309
Node368,Node122,536
Node489,Node445,518
Node50,Node228,813
Node275,Node189,360
Node55,Node148,475
Node63,Node294,309
Node40,Node265,999
Node238,Node22,628
Node251,Node225,404
Node137,Node425,311
Node70,Node32,529
Node312,Node385,611
Node53,Node404,308
Node217,Node424,26
Node359,Node35,209
Node34,Node255,48
Node444,Node334,271
Node118,Node462,368
Node293,Node288,657
Node244,Node101,308
Node186,Node411,456
Node295,Node166,28
Node125,Node80,413
Node394,Node488,400
Node260,Node486,544
Node314,Node272,67
Node163,Node143,486
Node221,Node489,123
Node34,Node305,230
Node90,Node35,31
Node245,Node12,565
Node235,Node208,121
Node468,Node174,227
Node85,Node418,452
Node342,Node485,440
Node110,Node393,963
Node479,Node375,527
Node243,Node431,716
Node379,Node351,566
Node49,Node80,37
Node82,Node6,343
Node328,Node259,734
Node231,Node300,29
Node446,Node457,111
Node199,Node323,90
Node472,Node161,812
Node493,Node302,848
Node88,Node208,689
Node310,Node191,398
Node156,Node175,55
Node494,Node127,284
Node412,Node289,901
Node88,Node117,717
Node77,Node275,897
Node122,Node256,218
Node464,Node458,212
Node231,Node167,770
Node272,Node443,761
Node376,Node221,795
Node196,Node483,771
Node168,Node421,669
Node343,Node31,710
Node439,Node285,198
Node137,Node494,192
Node21,Node355,864
Node323,Node104,710
Node134,Node407,954
Node216,Node351,625
Node120,Node238,877
Node489,Node379,545
Node48,Node113,324
Node243,Node328,885
Node420,Node312,273
Node351,Node171,674
Node77,Node438,481
Node193,Node434,38
Node233,Node461,353
Node271,Node324,884
Node21,Node149,246
Node278,Node449,304
Node389,Node260,288
Node322,Node156,827
Node105,Node141,377
Node223,Node407,931
Node378,Node56,425
Node430,Node40,647
Node107,Node466,396
Node435,Node426,228
Node399,Node162,576
Node133,Node102,765
Node499,Node387,622
Node349,Node252,65
Node266,Node103,581
Node267,Node295,255
Node316,Node21,653
Node2,Node392,568
Node57,Node331,240
Node218,Node100,717
Node488,Node260,965
Node423,Node182,190
Node500,Node212,350
Node287,Node131,406
Node168,Node321,751
Node333,Node365,106
Node328,Node363,487
Node203,Node250,734
Node311,Node191,853
Node98,Node242,636
Node31,Node351,742
Node57,Node32,28
Node27,Node220,538
Node56,Node63,732
Node264,Node364,655
Node471,Node1,196
Node5,Node261,288
Node100,Node462,193
Node363,Node229,861
Node309,Node105,453
Node238,Node314,309
Node348,Node425,177
Node124,Node201,70
Node21,Node431,486
Node441,Node380,466
Node67,Node37,835
Node423,Node133,204
Node186,Node1,67
Node450,Node247,122
Node470,Node44,511
Node427,Node486,450
Node22,Node335,24
Node234,Node334,941
Node383,Node325,714
Node239,Node389,761
Node139,Node446,887
Node278,Node449,160
Node93,Node315,77
Node472,Node367,841
Node348,Node208,330
Node174,Node103,963
Node278,Node290,615
Node149,Node343,308
Node229,Node446,602
Node192,Node341,675
Node465,Node226,695
Node281,Node204,152
Node493,Node500,315
Node334,Node187,274
Node378,Node339,737
Node391,Node217,191
Node28,Node459,214
Node72,Node274,148
Node182,Node136,455
Node119,Node73,104
Node405,Node76,26
Node366,Node376,376
Node484,Node294,613
Node431,Node245,508
Node195,Node114,423
Node102,Node243,257
Node208,Node85,441
Node372,Node481,176
Node468,Node40,254
Node397,Node217,746
Node495,Node362,595
Node148,Node123,635
Node355,Node44,82
Node53,Node398,463
Node337,Node500,870
Node220,Node162,715
Node168,Node106,609
Node101,Node281,591
Node308,Node150,500
Node403,Node214,817
Node474,Node401,584
Node378,Node118,94
Node3,Node121,697
Node497,Node283,610
Node297,Node28,630
Node72,Node145,334
Node245,Node363,160
Node62,Node45,259
Node128,Node407,559
Node480,Node90,939
Node218,Node11,157
Node142,Node481,662
Node182,Node45,835
Node285,Node65,162
Node179,Node420,769
Node386,Node267,619
Node23,Node333,673
Node60,Node160,181
Node251,Node207,408
Node274,Node190,391
Node66,Node105,528
Node74,Node31,125
Node334,Node358,599
Node79,Node85,376
Node333,Node446,477
Node419,Node66,488
Node375,Node245,151
Node475,Node429,212
Node24,Node81,230
Node371,Node326,173
Node476,Node124,841
Node308,Node72,983
Node373,Node130,770
Node351,Node76,634
Node420,Node456,680
Node167,Node246,976
Node27,Node314,348
Node413,Node152,893
Node109,Node126,900
Node172,Node185,60
Node64,Node35,607
Node486,Node191,337
Node380,Node464,828
Node408,Node251,563
Node106,Node151,598
Node471,Node463,180
Node208,Node112,92
Node466,Node244,337
Node309,Node344,857
Node52,Node248,428
Node28,Node478,269
Node321,Node304,950
Node158,Node141,487
Node76,Node134,467
Node11,Node33,489
Node175,Node245,380
Node189,Node119,589
Node179,Node329,706
Node209,Node366,472
Node219,Node362,603
Node284,Node462,853
Node212,Node97,222
Node12,Node305,161
Node161,Node78,656
Node394,Node435,802
Node223,Node432,924
Node61,Node357,714
Node449,Node456,216
Node75,Node48,576
Node31,Node7,341
Node434,Node15,950
Node291,Node276,341
Node379,Node302,636
Node298,Node124,157
Node121,Node167,684
Node189,Node119,238
Node145,Node3,3
Node73,Node61,821
Node45,Node490,309
Node427,Node399,969
Node258,Node437,160
Node278,Node460,477
Node7,Node456,536
Node232,Node24,682
Node104,Node195,785
Node4,Node487,3
Node490,Node404,514
Node72,Node200,837
Node87,Node309,771
Node322,Node55,488
Node374,Node408,476
Node16,Node468,228
Node112,Node75,397
Node353,Node320,715
Node242,Node116,255
Node195,Node381,466
Node270,Node473,365
Node500,Node3,101
Node133,Node338,693
Node153,Node53,728
Node341,Node456,820
Node404,Node51,661
Node450,Node482,859
Node245,Node434,485
Node194,Node365,744
Node478,Node205,493
Node326,Node400,472
Node250,Node229,778
Node421,Node310,838
Node96,Node304,875
Node374,Node131,872
Node423,Node27,658
Node180,Node139,557
Node89,Node32,203
Node8,Node69,740
Node406,Node407,84
Node422,Node236,613
Node420,Node104,517
Node194,Node390,921
Node169,Node79,364
Node64,Node349,17
Node202,Node185,859
Node409,Node438,276
Node160,Node65,962
Node305,Node284,720
Node44,Node103,505
Node299,Node135,455
Node166,Node313,117
Node139,Node238,782
Node311,Node321,448
Node41,Node234,919
Node85,Node321,195
Node284,Node279,748
Node359,Node62,172
Node255,Node463,256
Node222,Node44,877
Node315,Node12,266
Node66,Node117,252
Node191,Node322,835
Node205,Node74,476
Node485,Node18,521
Node468,Node89,982
Node5,Node279,510
Node296,Node375,657
Node90,Node305,957
Node460,Node181,421
Node89,Node441,824
Node100,Node12,13
Node429,Node295,359
Node123,Node452,406
Node494,Node264,774
Node425,Node139,986
Node153,Node88,130
Node480,Node330,508
Node177,Node314,921
Node274,Node73,304
Node381,Node445,386
Node92,Node192,282
Node262,Node344,696
Node343,Node411,758
Node14,Node405,657
Node144,Node274,50
Node118,Node285,604
Node17,Node108,771
Node215,Node379,150
Node121,Node2,556
Node22,Node87,480
Node149,Node246,310
Node439,Node268,780
Node411,Node371,69
Node462,Node92,186
Node497,Node193,766
Node310,Node343,683
Node337,Node46,852
Node61,Node438,753
Node365,Node327,958
Node229,Node409,300
Node393,Node447,296
Node221,Node278,162
Node383,Node294,156
Node96,Node497,675
Node34,Node40,779
Node487,Node318,755
Node339,Node405,233
Node406,Node245,146
Node405,Node97,916
Node63,Node273,772
Node187,Node488,317
Node87,Node199,944
Node112,Node236,954
Node209,Node208,541
Node131,Node38,863
Node125,Node206,294
Node344,Node473,702
Node226,Node268,757
Node341,Node317,987
Node64,Node57,653
Node84,Node297,402
Node429,Node108,556
Node460,Node286,710
Node91,Node271,949
Node432,Node391,890
Node63,Node306,395
Node210,Node13,874
